 CREATE DATABASE LibraryManagementSystem;
 use LibraryManagementSystem;
 CREATE TABLE `books` (
  `book_id` int NOT NULL,
  `title` varchar(255) DEFAULT NULL,
  `author` varchar(255) DEFAULT NULL,
  `genre` varchar(100) DEFAULT NULL,
  `publication_year` int DEFAULT NULL,
  `quantity` int DEFAULT NULL,
  PRIMARY KEY (`book_id`)
);
desc books;

CREATE TABLE `users` (
  `user_id` int NOT NULL,
  `name` varchar(100) DEFAULT NULL,
  `age` int DEFAULT NULL,
  `gender` varchar(20) DEFAULT NULL,
  PRIMARY KEY (`user_id`)
);
desc users;

CREATE TABLE `checkouts` (
  `checkout_id` int NOT NULL,
  `book_id` int DEFAULT NULL,
  `user_id` int DEFAULT NULL,
  `checkout_date` date DEFAULT NULL,
  `due_date` date DEFAULT NULL,
  PRIMARY KEY (`checkout_id`),
  KEY `book_id` (`book_id`),
  KEY `user_id` (`user_id`),
  CONSTRAINT `checkouts_ibfk_1` FOREIGN KEY (`book_id`) REFERENCES `books` (`book_id`),
  CONSTRAINT `checkouts_ibfk_2` FOREIGN KEY (`user_id`) REFERENCES `users` (`user_id`)
  );
  desc checkouts;

CREATE TABLE `authors` (
  `author_id` int NOT NULL,
  `name` varchar(255) DEFAULT NULL,
  PRIMARY KEY (`author_id`)
);
desc authors;

CREATE TABLE `genres` (
  `genre_id` int NOT NULL,
  `name` varchar(100) DEFAULT NULL,
  PRIMARY KEY (`genre_id`)
);
desc genres;
-- Insert records into the 'books' table
INSERT INTO books (book_id, title, author, genre, publication_year, quantity) 
VALUES
(101, 'Miracles of Nature', 'John Smith', 'Nature', 2001, 56),
(102, 'World History', 'Jane Doe', 'History', 2005, 82),
(103, 'World Leaders', 'Michael Johnson', 'Biography', 2010, 19),
(104, 'Famous Inventors', 'Emily Brown', 'History', 2015, 33),
(105, 'Great Thinkers', 'David Clark', 'Philosophy', 2010, 75),
(106, 'Biographies', 'Jessica Lee', 'Biography', 2018, 42),
(107, 'Self-Help', 'Robert Johnson', 'Self-help', 2008, 63),
(108, 'Motivation', 'Sarah Wilson', 'Self-help', 2003, 91),
(109, 'Success Stories', 'Daniel Taylor', 'Self-help', 2013, 25),
(110, 'Leadership', 'Emma Roberts', 'Business', 2012, 10),
(111, 'Inspirational Quotes', 'John Brown', 'Self-help', 2009, 88),
(112, 'Positive Thinking', 'Sophia Smith', 'Self-help', 2002, 47),
(113, 'Time Management', 'Michael Johnson', 'Business', 2006, 71),
(114, 'Financial Management', 'David Clark', 'Business', 2007, 15),
(115, 'Entrepreneurship', 'Emily Brown', 'Business', 2011, 39),
(116, 'Startups', 'Robert Johnson', 'Business', 2014, 68),
(117, 'Investment Strategies', 'Jessica Lee', 'Finance', 2004, 54),
(118, 'Business Skills', 'Daniel Taylor', 'Business', 2016, 29),
(119, 'Marketing Techniques', 'Emma Roberts', 'Marketing', 2017, 97),
(120, 'Digital Marketing', 'John Brown', 'Marketing', 2019, 12),
(121, 'Healthy Living', 'Sophia Smith', 'Health', 2001, 60),
(122, 'Nutrition and Diet', 'John Smith', 'Health', 2005, 84),
(123, 'Yoga and Meditation', 'Jane Doe', 'Health', 2010, 21),
(124, 'Fitness Tips', 'Michael Johnson', 'Health', 2015, 37),
(125, 'Weight Loss', 'Emily Brown', 'Health', 2010, 79),
(126, 'Healthy Recipes', 'David Clark', 'Health', 2018, 45),
(127, 'Mindfulness', 'Jessica Lee', 'Health', 2008, 66),
(128, 'Wellness', 'Robert Johnson', 'Health', 2003, 94),
(129, 'Beauty Secrets', 'Sarah Wilson', 'Health', 2013, 27),
(130, 'Stress Management', 'Emma Roberts', 'Health', 2012, 3),
(131, 'Holistic Health', 'John Brown', 'Health', 2009, 50),
(132, 'Mental Health', 'Sophia Smith', 'Health', 2002, 76),
(133, 'Emotional Intelligence', 'John Smith', 'Health', 2006, 13),
(134, 'Spiritual Growth', 'Jane Doe', 'Spirituality', 2007, 36),
(135, 'Healing Powers', 'Michael Johnson', 'Spirituality', 2011, 69),
(136, 'Fictional Stories', 'Emily Brown', 'Fiction', 2004, 57),
(137, 'Detective Novels', 'David Clark', 'Mystery', 2016, 32),
(138, 'Thriller', 'Jessica Lee', 'Thriller', 2017, 85),
(139, 'Suspenseful Tales', 'Daniel Taylor', 'Suspense', 2019, 7),
(140, 'Romantic Novels', 'Emma Roberts', 'Romance', 2001, 91),
(141, 'Historical Romance', 'John Brown', 'Romance', 2005, 52),
(142, 'Fantasy Fiction', 'Sophia Smith', 'Fantasy', 2010, 78),
(143, 'Science Fiction', 'John Smith', 'Science Fiction', 2015, 17),
(144, 'Dystopian Fiction', 'Jane Doe', 'Dystopian', 2010, 31),
(145, 'Young Adult Fiction', 'Michael Johnson', 'Young Adult', 2018, 62),
(146, 'Children\'s Stories', 'Emily Brown', 'Children', 2008, 41),
(147, 'Picture Books', 'David Clark', 'Children', 2003, 95),
(148, 'Bedtime Stories', 'Jessica Lee', 'Children', 2013, 24),
(149, 'Adventure Tales', 'Daniel Taylor', 'Adventure', 2012, 8),
(150, 'Mythology', 'Emma Roberts', 'Mythology', 2009, 99),
(151, 'Greek Mythology', 'John Brown', 'Mythology', 2002, 55),
(152, 'Norse Mythology', 'Sophia Smith', 'Mythology', 2006, 83),
(153, 'Indian Mythology', 'John Smith', 'Mythology', 2007, 18),
(154, 'Historical Fiction', 'Jane Doe', 'Historical', 2011, 35),
(155, 'War Stories', 'Michael Johnson', 'Historical', 2014, 74),
(156, 'Biographical Fiction', 'Emily Brown', 'Biographical', 2004, 44),
(157, 'Autobiographies', 'David Clark', 'Biographical', 2016, 65),
(158, 'Memoirs', 'Jessica Lee', 'Biographical', 2017, 92),
(159, 'True Stories', 'Daniel Taylor', 'Biographical', 2019, 28),
(160, 'Travelogues', 'Emma Roberts', 'Travel', 2001, 4),
(161, 'Adventures Abroad', 'John Brown', 'Travel', 2005, 51),
(162, 'Road Trip Diaries', 'Sophia Smith', 'Travel', 2010, 77),
(163, 'Culinary Journeys', 'John Smith', 'Travel', 2015, 14),
(164, 'Wanderlust', 'Jane Doe', 'Travel', 2010, 38),
(165, 'Historical Travel', 'Michael Johnson', 'Travel', 2018, 70),
(166, 'Photography Books', 'Emily Brown', 'Photography', 2008, 58),
(167, 'Artistic Visions', 'David Clark', 'Art', 2003, 30),
(168, 'Painting Techniques', 'Jessica Lee', 'Art', 2013, 86),
(169, 'Sculpture', 'Daniel Taylor', 'Art', 2012, 9),
(170, 'Music', 'Emma Roberts', 'Music', 2009, 93),
(171, 'Musical Instruments', 'John Brown', 'Music', 2002, 61),
(172, 'Music History', 'Sophia Smith', 'Music', 2006, 81),
(173, 'Classical Music', 'John Smith', 'Music', 2007, 20),
(174, 'Rock and Roll', 'Jane Doe', 'Music', 2011, 34),
(175, 'Jazz', 'Michael Johnson', 'Music', 2014, 80),
(176, 'Blues', 'Emily Brown', 'Music', 2004, 46),
(177, 'Folk Music', 'David Clark', 'Music', 2016, 67),
(178, 'Country Music', 'Jessica Lee', 'Music', 2017, 96),
(179, 'Pop Music', 'Daniel Taylor', 'Music', 2019, 26),
(180, 'Film Studies', 'Emma Roberts', 'Film', 2001, 2),
(181, 'Cinematography', 'John Brown', 'Film', 2005, 49),
(182, 'Screenwriting', 'Sophia Smith', 'Film', 2010, 75),
(183, 'Acting', 'John Smith', 'Film', 2015, 16),
(184, 'Directing', 'Jane Doe', 'Film', 2010, 40),
(185, 'Film History', 'Michael Johnson', 'Film', 2018, 72),
(186, 'Animation', 'Emily Brown', 'Film', 2008, 43),
(187, 'Special Effects', 'David Clark', 'Film', 2003, 64),
(188, 'Film Noir', 'Jessica Lee', 'Film', 2013, 90),
(189, 'Horror Films', 'Daniel Taylor', 'Film', 2012, 22),
(190, 'Romantic Movies', 'Emma Roberts', 'Film', 2009, 6),
(191, 'Comedy Films', 'John Brown', 'Film', 2002, 53),
(192, 'Action Movies', 'Sophia Smith', 'Film', 2006, 87),
(193, 'Science Fiction Films', 'John Smith', 'Film', 2007, 23),
(194, 'Fantasy Films', 'Jane Doe', 'Film', 2011, 48),
(195, 'Documentaries', 'Michael Johnson', 'Film', 2014, 73),
(196, 'Indie Films', 'Emily Brown', 'Film', 2004, 59),
(197, 'World Cinema', 'David Clark', 'Film', 2016, 34),
(198, 'Classic Films', 'Jessica Lee', 'Film', 2017, 89),
(199, 'Foreign Films', 'Daniel Taylor', 'Film', 2019, 5),
(200, 'Academic Books', 'Emma Roberts', 'Academic', 2001, 98),
(201, 'Textbooks', 'John Brown', 'Academic', 2005, 104),
(202, 'Research Papers', 'Sophia Smith', 'Academic', 2010, 45),
(203, 'Scientific Journals', 'John Smith', 'Academic', 2015, 77),
(204, 'Thesis Papers', 'Jane Doe', 'Academic', 2010, 39),
(205, 'Reference Books', 'Michael Johnson', 'Academic', 2018, 50),
(206, 'Encyclopedias', 'Emily Brown', 'Academic', 2008, 32),
(207, 'Dictionaries', 'David Clark', 'Academic', 2003, 78),
(208, 'Almanacs', 'Jessica Lee', 'Academic', 2013, 87),
(209, 'Yearbooks', 'Daniel Taylor', 'Academic', 2012, 67),
(210, 'Academic Journals', 'Emma Roberts', 'Academic', 2009, 99);

select * from books;

INSERT INTO users (user_id, name, age, gender) VALUES
(1, 'Aarav', 25, 'Male'),
(2, 'Aaradhya', 30, 'Female'),
(3, 'Aryan', 22, 'Male'),
(4, 'Aditi', 28, 'Female'),
(5, 'Advik', 35, 'Male'),
(6, 'Ananya', 40, 'Female'),
(7, 'Arnav', 27, 'Male'),
(8, 'Avni', 29, 'Female'),
(9, 'Ayush', 31, 'Male'),
(10, 'Chahat', 26, 'Female'),
(11, 'Darsh', 33, 'Male'),
(12, 'Dhruvi', 24, 'Female'),
(13, 'Dev', 32, 'Male'),
(14, 'Esha', 23, 'Female'),
(15, 'Gaurav', 38, 'Male'),
(16, 'Gayatri', 37, 'Female'),
(17, 'Hemant', 34, 'Male'),
(18, 'Isha', 36, 'Female'),
(19, 'Jay', 39, 'Male'),
(20, 'Kavya', 41, 'Female'),
(21, 'Krish', 25, 'Male'),
(22, 'Kriti', 30, 'Female'),
(23, 'Manan', 22, 'Male'),
(24, 'Mehak', 28, 'Female'),
(25, 'Mohit', 35, 'Male'),
(26, 'Neha', 40, 'Female'),
(27, 'Nikhil', 27, 'Male'),
(28, 'Niyati', 29, 'Female'),
(29, 'Omkar', 31, 'Male'),
(30, 'Pari', 26, 'Female'),
(31, 'Pranav', 33, 'Male'),
(32, 'Priya', 24, 'Female'),
(33, 'Rahul', 32, 'Male'),
(34, 'Riya', 23, 'Female'),
(35, 'Rohan', 38, 'Male'),
(36, 'Sakshi', 37, 'Female'),
(37, 'Samir', 34, 'Male'),
(38, 'Sanya', 36, 'Female'),
(39, 'Shaurya', 39, 'Male'),
(40, 'Shreya', 41, 'Female'),
(41, 'Shubham', 25, 'Male'),
(42, 'Simran', 30, 'Female'),
(43, 'Soham', 22, 'Male'),
(44, 'Tanvi', 28, 'Female'),
(45, 'Utkarsh', 35, 'Male'),
(46, 'Vanya', 40, 'Female'),
(47, 'Vedant', 27, 'Male'),
(48, 'Vidhi', 29, 'Female'),
(49, 'Vihaan', 31, 'Male'),
(50, 'Aadhya', 26, 'Female'),
(51, 'Aahan', 33, 'Male'),
(52, 'Aahana', 24, 'Female'),
(53, 'Aarush', 32, 'Male'),
(54, 'Aarushi', 23, 'Female'),
(55, 'Aditya', 38, 'Male'),
(56, 'Amaira', 37, 'Female'),
(57, 'Amit', 34, 'Male'),
(58, 'Amrita', 36, 'Female'),
(59, 'Aniket', 39, 'Male'),
(60, 'Anisha', 41, 'Female'),
(61, 'Arjun', 25, 'Male'),
(62, 'Ashima', 30, 'Female'),
(63, 'Atharva', 22, 'Male'),
(64, 'Avishi', 28, 'Female'),
(65, 'Daksh', 35, 'Male'),
(66, 'Disha', 40, 'Female'),
(67, 'Divyansh', 27, 'Male'),
(68, 'Garima', 29, 'Female'),
(69, 'Harsh', 31, 'Male'),
(70, 'Ishika', 26, 'Female'),
(71, 'Kabir', 33, 'Male'),
(72, 'Kashvi', 24, 'Female'),
(73, 'Kunal', 32, 'Male'),
(74, 'Kyra', 23, 'Female'),
(75, 'Manasvi', 38, 'Male'),
(76, 'Mishti', 37, 'Female'),
(77, 'Naman', 34, 'Male'),
(78, 'Navya', 36, 'Female'),
(79, 'Parth', 39, 'Male'),
(80, 'Prisha', 41, 'Female'),
(81, 'Rudra', 25, 'Male'),
(82, 'Saanvi', 30, 'Female'),
(83, 'Shivansh', 22, 'Male'),
(84, 'Tanya', 28, 'Female'),
(85, 'Tanay', 35, 'Male'),
(86, 'Trisha', 40, 'Female'),
(87, 'Veer', 27, 'Male'),
(88, 'Yashvi', 29, 'Female'),
(89, 'Zayn', 31, 'Male'),
(90, 'Anvi', 26, 'Female'),
(91, 'Arnavi', 33, 'Male'),
(92, 'Diva', 24, 'Female'),
(93, 'Hridaan', 32, 'Male'),
(94, 'Hriti', 23, 'Female'),
(95, 'Ivaan', 38, 'Male'),
(96, 'Jiya', 37, 'Female'),
(97, 'Kiaan', 34, 'Male'),
(98, 'Kyra', 36, 'Female'),
(99, 'Laksh', 39, 'Male'),
(100, 'Meera', 41, 'Female');

select * from users;

INSERT INTO checkouts (checkout_id, book_id, user_id, checkout_date, due_date) VALUES
(1, 101, 1, '2024-06-01', '2024-06-15'),
(2, 102, 2, '2024-06-02', '2024-06-16'),
(3, 103, 3, '2024-06-03', '2024-06-17'),
(4, 104, 4, '2024-06-04', '2024-06-18'),
(5, 105, 5, '2024-06-05', '2024-06-19'),
(6, 106, 6, '2024-06-06', '2024-06-20'),
(7, 107, 7, '2024-06-07', '2024-06-21'),
(8, 108, 8, '2024-06-08', '2024-06-22'),
(9, 109, 9, '2024-06-09', '2024-06-23'),
(10, 110, 10, '2024-06-10', '2024-06-24'),
(11, 111, 11, '2024-06-11', '2024-06-25'),
(12, 112, 12, '2024-06-12', '2024-06-26'),
(13, 113, 13, '2024-06-13', '2024-06-27'),
(14, 114, 14, '2024-06-14', '2024-06-28'),
(15, 115, 15, '2024-06-15', '2024-06-29'),
(16, 116, 16, '2024-06-16', '2024-06-30'),
(17, 117, 17, '2024-06-17', '2024-07-01'),
(18, 118, 18, '2024-06-18', '2024-07-02'),
(19, 119, 19, '2024-06-19', '2024-07-03'),
(20, 120, 20, '2024-06-20', '2024-07-04'),
(21, 121, 21, '2024-06-21', '2024-07-05'),
(22, 122, 22, '2024-06-22', '2024-07-06'),
(23, 123, 23, '2024-06-23', '2024-07-07'),
(24, 124, 24, '2024-06-24', '2024-07-08'),
(25, 125, 25, '2024-06-25', '2024-07-09'),
(26, 126, 26, '2024-06-26', '2024-07-10'),
(27, 127, 27, '2024-06-27', '2024-07-11'),
(28, 128, 28, '2024-06-28', '2024-07-12'),
(29, 129, 29, '2024-06-29', '2024-07-13'),
(30, 130, 30, '2024-06-30', '2024-07-14'),
(31, 131, 31, '2024-07-01', '2024-07-15'),
(32, 132, 32, '2024-07-02', '2024-07-16'),
(33, 133, 33, '2024-07-03', '2024-07-17'),
(34, 134, 34, '2024-07-04', '2024-07-18'),
(35, 135, 35, '2024-07-05', '2024-07-19'),
(36, 136, 36, '2024-07-06', '2024-07-20'),
(37, 137, 37, '2024-07-07', '2024-07-21'),
(38, 138, 38, '2024-07-08', '2024-07-22'),
(39, 139, 39, '2024-07-09', '2024-07-23'),
(40, 140, 40, '2024-07-10', '2024-07-24'),
(41, 141, 41, '2024-07-11', '2024-07-25'),
(42, 142, 42, '2024-07-12', '2024-07-26'),
(43, 143, 43, '2024-07-13', '2024-07-27'),
(44, 144, 44, '2024-07-14', '2024-07-28'),
(45, 145, 45, '2024-07-15', '2024-07-29'),
(46, 146, 46, '2024-07-16', '2024-07-30'),
(47, 147, 47, '2024-07-17', '2024-07-31'),
(48, 148, 48, '2024-07-18', '2024-08-01'),
(49, 149, 49, '2024-07-19', '2024-08-02'),
(50, 150, 50, '2024-07-20', '2024-08-03'),
(51, 151, 51, '2024-07-21', '2024-08-04'),
(52, 152, 52, '2024-07-22', '2024-08-05'),
(53, 153, 53, '2024-07-23', '2024-08-06'),
(54, 154, 54, '2024-07-24', '2024-08-07'),
(55, 155, 55, '2024-07-25', '2024-08-08'),
(56, 156, 56, '2024-07-26', '2024-08-09'),
(57, 157, 57, '2024-07-27', '2024-08-10'),
(58, 158, 58, '2024-07-28', '2024-08-11'),
(59, 159, 59, '2024-07-29', '2024-08-12'),
(60, 160, 60, '2024-07-30', '2024-08-13'),
(61, 161, 61, '2024-07-31', '2024-08-14'),
(62, 162, 62, '2024-08-01', '2024-08-15'),
(63, 163, 63, '2024-08-02', '2024-08-16'),
(64, 164, 64, '2024-08-03', '2024-08-17'),
(65, 165, 65, '2024-08-04', '2024-08-18'),
(66, 166, 66, '2024-08-05', '2024-08-19'),
(67, 167, 67, '2024-08-06', '2024-08-20'),
(68, 168, 68, '2024-08-07', '2024-08-21'),
(69, 169, 69, '2024-08-08', '2024-08-22'),
(70, 170, 70, '2024-08-09', '2024-08-23'),
(71, 171, 71, '2024-08-10', '2024-08-24'),
(72, 172, 72, '2024-08-11', '2024-08-25'),
(73, 173, 73, '2024-08-12', '2024-08-26'),
(74, 174, 74, '2024-08-13', '2024-08-27'),
(75, 175, 75, '2024-08-14', '2024-08-28'),
(76, 176, 76, '2024-08-15', '2024-08-29'),
(77, 177, 77, '2024-08-16', '2024-08-30'),
(78, 178, 78, '2024-08-17', '2024-08-31'),
(79, 179, 79, '2024-08-18', '2024-09-01'),
(80, 180, 80, '2024-08-19', '2024-09-02'),
(81, 181, 81, '2024-08-20', '2024-09-03'),
(82, 182, 82, '2024-08-21', '2024-09-04'),
(83, 183, 83, '2024-08-22', '2024-09-05'),
(84, 184, 84, '2024-08-23', '2024-09-06'),
(85, 185, 85, '2024-08-24', '2024-09-07'),
(86, 186, 86, '2024-08-25', '2024-09-08'),
(87, 187, 87, '2024-08-26', '2024-09-09'),
(88, 188, 88, '2024-08-27', '2024-09-10'),
(89, 189, 89, '2024-08-28', '2024-09-11'),
(90, 190, 90, '2024-08-29', '2024-09-12'),
(91, 191, 91, '2024-08-30', '2024-09-13'),
(92, 192, 92, '2024-08-31', '2024-09-14'),
(93, 193, 93, '2024-09-01', '2024-09-15'),
(94, 194, 94, '2024-09-02', '2024-09-16'),
(95, 195, 95, '2024-09-03', '2024-09-17'),
(96, 196, 96, '2024-09-04', '2024-09-18'),
(97, 197, 97, '2024-09-05', '2024-09-19'),
(98, 198, 98, '2024-09-06', '2024-09-20'),
(99, 199, 99, '2024-09-07', '2024-09-21'),
(100, 200, 100, '2024-09-08', '2024-09-22');

select * from checkouts;

INSERT INTO authors (author_id, name) VALUES
(201, 'John Smith'),
(202, 'Mary Johnson'),
(203, 'James Williams'),
(204, 'Patricia Brown'),
(205, 'Michael Jones'),
(206, 'Jennifer Garcia'),
(207, 'David Miller'),
(208, 'Linda Davis'),
(209, 'Christopher Rodriguez'),
(210, 'Barbara Martinez'),
(211, 'Daniel Hernandez'),
(212, 'Susan Lopez'),
(213, 'Paul Gonzalez'),
(214, 'Karen Wilson'),
(215, 'Edward Anderson'),
(216, 'Lisa Thomas'),
(217, 'Mark Taylor'),
(218, 'Betty Moore'),
(219, 'George Jackson'),
(220, 'Margaret Harris'),
(221, 'Kenneth Martin'),
(222, 'Emily Thompson'),
(223, 'Richard White'),
(224, 'Nicole Lee'),
(225, 'Jacob Walker'),
(226, 'Amanda Hall'),
(227, 'Charles Young'),
(228, 'Sarah Allen'),
(229, 'Joseph King'),
(230, 'Michelle Wright'),
(231, 'Thomas Scott'),
(232, 'Ashley Green'),
(233, 'Daniel Adams'),
(234, 'Donna Baker'),
(235, 'Joshua Nelson'),
(236, 'Carol Evans'),
(237, 'Kevin Turner'),
(238, 'Sharon Roberts'),
(239, 'Brian Campbell'),
(240, 'Laura Murphy'),
(241, 'Mark Cooper'),
(242, 'Teresa Rivera'),
(243, 'Steven Reed'),
(244, 'Rebecca Cook'),
(245, 'Nathan Bailey'),
(246, 'Deborah Kelly'),
(247, 'Timothy Brooks'),
(248, 'Helen Sanders'),
(249, 'Jose Brooks'),
(250, 'Christine Reed'),
(251, 'Billy Parker'),
(252, 'Julie Coleman'),
(253, 'Larry Peterson'),
(254, 'Diana Perry'),
(255, 'Kathleen Long'),
(256, 'Adam Butler'),
(257, 'Andrea Griffin'),
(258, 'Gerald Russell'),
(259, 'Jacqueline Hughes'),
(260, 'Johnny Alexander'),
(261, 'Beverly Kim'),
(262, 'Denise Stewart'),
(263, 'Arthur Diaz'),
(264, 'Theresa Russell'),
(265, 'Ryan Griffin'),
(266, 'Pamela Diaz'),
(267, 'Christina Foster'),
(268, 'Henry Palmer'),
(269, 'Marie Tucker'),
(270, 'Albert Hicks'),
(271, 'Joyce Caldwell'),
(272, 'Dennis Willis'),
(273, 'Ann Lowe'),
(274, 'Eugene Jennings'),
(275, 'Mildred Harmon'),
(276, 'Carl Hanson'),
(277, 'Ruth Hardy'),
(278, 'Bobby Erickson'),
(279, 'Tiffany Hubbard'),
(280, 'Joe Ballard'),
(281, 'Grace Robbins'),
(282, 'Benjamin Medina'),
(283, 'Louise Rodgers'),
(284, 'Philip Spencer'),
(285, 'Theresa Reeves'),
(286, 'Geraldine Mendoza'),
(287, 'Willie Coleman'),
(288, 'Rose Lynch'),
(289, 'Craig Park'),
(290, 'Sara Woods'),
(291, 'Judith Kim'),
(292, 'Mario Lucas'),
(293, 'Gloria Caldwell'),
(294, 'Joan Castro'),
(295, 'Victor Kelly'),
(296, 'Janice Rogers'),
(297, 'Lori Franklin'),
(298, 'Bobby Weber'),
(299, 'Rebecca Franklin'),
(300, 'Carlos Webb');

select * from authors;

INSERT INTO genres (genre_id, name) VALUES
(1, 'Mystery'),
(2, 'Thriller'),
(3, 'Science Fiction'),
(4, 'Romance'),
(5, 'Fantasy'),
(6, 'Horror'),
(7, 'Adventure'),
(8, 'Historical Fiction'),
(9, 'Biography'),
(10, 'Memoir'),
(11, 'Self-Help'),
(12, 'Cookbook'),
(13, 'Poetry'),
(14, 'Drama'),
(15, 'Comedy'),
(16, 'Action'),
(17, 'Western'),
(18, 'Young Adult'),
(19, 'Children'),
(20, 'Classics'),
(21, 'Literary Fiction'),
(22, 'Suspense'),
(23, 'Humor'),
(24, 'Nonfiction'),
(25, 'Art'),
(26, 'Music'),
(27, 'Science'),
(28, 'Business'),
(29, 'Finance'),
(30, 'Psychology'),
(31, 'Philosophy'),
(32, 'Religion'),
(33, 'Spirituality'),
(34, 'Politics'),
(35, 'History'),
(36, 'Technology'),
(37, 'Computer Science'),
(38, 'Engineering'),
(39, 'Mathematics'),
(40, 'Physics'),
(41, 'Chemistry'),
(42, 'Biology'),
(43, 'Medicine'),
(44, 'Health'),
(45, 'Fitness'),
(46, 'Sports'),
(47, 'Travel'),
(48, 'Geography'),
(49, 'Environment'),
(50, 'Nature'),
(51, 'Animals'),
(52, 'Space'),
(53, 'Astronomy'),
(54, 'Astrology'),
(55, 'Mythology'),
(56, 'Folklore'),
(57, 'Fairy Tales'),
(58, 'Legends'),
(59, 'Superheroes'),
(60, 'Supernatural'),
(61, 'Paranormal'),
(62, 'Aliens'),
(63, 'Time Travel'),
(64, 'Alternate History'),
(65, 'Dystopian'),
(66, 'Post-Apocalyptic'),
(67, 'Utopian'),
(68, 'Cyberpunk'),
(69, 'Steampunk'),
(70, 'Gothic'),
(71, 'Punk'),
(72, 'Noir'),
(73, 'Detective'),
(74, 'Crime'),
(75, 'Legal'),
(76, 'Medical'),
(77, 'Military'),
(78, 'War'),
(79, 'Espionage'),
(80, 'Spy'),
(81, 'Intrigue'),
(82, 'Conspiracy'),
(83, 'Adventure'),
(84, 'Travelogue'),
(85, 'Guidebook'),
(86, 'Encyclopedia'),
(87, 'Dictionary'),
(88, 'Thesaurus'),
(89, 'Almanac'),
(90, 'Atlas'),
(91, 'Diary'),
(92, 'Journal'),
(93, 'Logbook'),
(94, 'Workbook'),
(95, 'Planner'),
(96, 'Calendar'),
(97, 'Schedule'),
(98, 'Agenda'),
(99, 'Memo'),
(100, 'Notepad');

select * from genres;






